steel_8mm_mt,steel_10mm_mt,steel_12mm_mt,steel_16mm_mt,steel_20mm_mt,steel_25mm_mt,steel_32mm_mt,total_procured_mt,built_up_area_sqft,floors,consumption_mt,waste_mt,waste_percent,relevance_score
0,0,39.2965,0,0,0,0,39.2965,177289.8849,0,36.8378,2.4587,6.2568,0.705821955
0,0,0,0,2.1715,0,0,2.1715,109088.4357,10,1.7296,0.4419,20.35,0.101896366
0,0,37.8381,0,0,0,0,37.8381,176920.1976,0,34.8595,2.9786,7.872,0.782711918
0,0,40.2714,0,0,0,0,40.2714,161698.2952,0,35.6539,4.6175,11.466,0.658682648
0,0,31.1647,4.3508,0,0,0,35.5155,121214.2026,13,29.1884,6.3271,17.815,0.922824289
0,0,40.8492,0,0,0,0,40.8492,192940.8359,0,34.5849,6.2643,15.3352,0.632243993
0,0,39.9469,0,0,0,0,39.9469,180542.8307,0,37.2242,2.7227,6.8158,0.674012835
0,11.0129,0,31.0274,0,0,0,42.0403,115803.8769,10,36.7067,5.3336,12.6869,0.581043411
25.3394,0,0,0,0,0,0,25.3394,205437.7699,0,23.5037,1.8357,7.2444,0.526672196
0,0,17.2276,0,0,0,0,17.2276,172641.7559,0,16.1887,1.0389,6.0304,0.296321624
19.3168,0,0,20.8615,0,0,0,40.1783,108518.2127,10,32.3727,7.8056,19.4274,0.663044903
0,0,43.1509,0,0,0,0,43.1509,177783.7647,0,34.9181,8.2328,19.0791,0.537045635
0,30.8771,0,0,0,0,0,30.8771,107180.6115,10,25.7713,5.1058,16.5359,0.77993108
0,0,28.5658,0,0,0,0,28.5658,154376.6554,0,27.1401,1.4257,4.9909,0.662044382
0,0,44.3586,0,0,0,0,44.3586,166464.4633,0,41.0655,3.2931,7.4238,0.492973887
0,0,33.4605,0,5.3309,0,40.3544,79.1458,186863.775,0,73.5209,5.6249,7.107,0.04184686
0,0,31.1248,0,0,0,0,31.1248,184720.4795,0,27.1573,3.9675,12.7471,0.793749308
0,0,43.2614,0,0,0,0,43.2614,193715.6855,0,39.5608,3.7006,8.554,0.53285457
0,0,0,7.4747,0,21.1451,0,28.6198,113227.9636,10,23.3352,5.2846,18.4648,0.664583971
0,0,41.4265,0,0,0,0,41.4265,169336.9425,0,34.085,7.3415,17.7217,0.606888065
0,0,38.2442,0,0,0,0,38.2442,182180.2039,0,31.9887,6.2555,16.3567,0.760496799
0,0,24.8657,0,0,0,0,24.8657,168730.5802,0,23.2386,1.6271,6.5436,0.509277288
0,0,0,39.1572,0,0,0,39.1572,190181.266,0,35.3721,3.7851,9.6664,0.712827529
0,0,0,26.9832,0,0,0,26.9832,128345.4737,10,21.417,5.5662,20.6284,0.591774133
0,0,26.4055,0,0,0,0,26.4055,101130.3771,10,21.9744,4.4311,16.781,0.568025125
0,6.5588,34.053,4.7867,0,0,0,45.3985,107010.1207,10,36.8728,8.5257,18.7797,0.457934651
0,0,0,35.5587,0,0,0,35.5587,105075.9927,10,27.8908,7.6679,21.5641,0.920002083
2.0707,0,5.2861,0,0,0,0,7.3568,65735.39403,8,6.0653,1.2915,17.5552,0.147171425
0,0,36.3185,0,0,0,0,36.3185,199572.3287,0,33.826,2.4925,6.8629,0.871752475
0,0,41.412,0,0,0,0,41.412,154901.5556,0,33.4509,7.9611,19.2241,0.607512304
0,0,39.017,0,0,0,0,39.017,171251.0094,0,33.4653,5.5517,14.2289,0.719948574
4.3166,19.0471,16.6792,0,7.5261,0,0,47.569,140681.8243,13,37.9269,9.6421,20.2697,0.392617697
0,0,0,30.481,0,0,0,30.481,200848.2684,0,23.9949,6.4861,21.2792,0.758332361
0,31.7705,0,6.755,0,0,0,38.5255,118260.0322,10,36.4438,2.0817,5.4034,0.74547941
0,0,10.673,0,0,0,0,10.673,123238.8757,13,8.9796,1.6934,15.8662,0.18618098
0,0,40.6424,0,0,0,0,40.6424,181195.0188,0,38.417,2.2254,5.4756,0.641582426
0,0,40.8759,0,0,0,0,40.8759,178114.6684,0,33.0464,7.8295,19.1543,0.631048255
0,0,40.0554,0,0,0,0,40.0554,196246.6529,0,35.2624,4.793,11.9659,0.668847726
0,0,31.937,0,0,0,0,31.937,168396.485,0,27.0747,4.8623,15.2247,0.840799553
0,0,41.1472,0,0,0,0,41.1472,135102.7459,13,33.0849,8.0623,19.5938,0.619025801
0,0,36.6136,0,0,0,0,36.6136,199849.9299,0,33.838,2.7756,7.5808,0.853702444
0,0,43.2984,0,0,0,0,43.2984,170330.2242,0,36.0647,7.2337,16.7066,0.53145855
0,0,35.6813,0,0,0,0,35.6813,179211.1916,0,28.1651,7.5162,21.0648,0.912039681
0,11.9572,12.8108,15.963,0,0,0,40.731,180106.0226,0,36.7978,3.9332,9.6565,0.63756476
0,0,9.1362,18.9102,9.4089,0,0,37.4553,189992.4946,0,33.7113,3.744,9.9959,0.804246267
0,0,38.0776,0,0,0,0,38.0776,190318.8865,0,34.3302,3.7474,9.8415,0.769533104
0,0,44.4936,0,0,0,0,44.4936,155084.2167,0,39.1129,5.3807,12.0932,0.488277846
0,0,31.6566,0,0,0,0,31.6566,199207.9547,0,25.8511,5.8055,18.339,0.824249035
0,0,38.8136,0,0,0,0,38.8136,215962.7778,0,35.717,3.0966,7.9781,0.730406335
0,0,26.9842,0,0,0,0,26.9842,110404.8562,10,23.8442,3.14,11.6364,0.591816092
0,0,0,18.9111,10.4054,0,0,29.3165,104358.1945,10,26.5823,2.7342,9.3265,0.698236456
0,0,0,36.0877,0,0,0,36.0877,220670.3605,0,29.5564,6.5313,18.0984,0.886135102
22.4021,0,0,21.1333,0,0,0,43.5354,110176.9369,10,37.8579,5.6775,13.0411,0.522602807
0,31.6466,0,0,0,0,0,31.6466,121837.2991,10,25.3671,6.2795,19.8426,0.823664843
0,0,43.2378,0,0,0,0,43.2378,185180.2412,0,35.3364,7.9014,18.2743,0.53374692
0,0,30.7109,0,0,0,0,30.7109,166302.9451,0,28.2652,2.4457,7.9636,0.770794536
0,0,28.1373,0,0,0,0,28.1373,165500.246,0,25.3649,2.7724,9.8531,0.642233288
4.4572,9.3726,30.4194,5.5381,0,0,41.7288,91.5161,180688.6846,0,77.1415,14.3746,15.7072,0.017408401
64.3295,0,0,0,0,0,0,64.3295,137551.4579,13,52.9659,11.3636,17.6647,0.119641997
5.0289,13.1605,0,0,0,0,0,18.1894,120023.2748,13,14.7404,3.449,18.9616,0.317233405
0,0,15.5445,0,0,0,0,15.5445,161738.83,0,14.1203,1.4242,9.1621,0.262989034
0,45.7361,0,0,0,0,0,45.7361,123317.4087,13,41.8057,3.9304,8.5936,0.447103624
0,0,42.9034,0,0,0,0,42.9034,180984.5505,0,37.1987,5.7047,13.2966,0.546552852
0,0,37.3548,0,0,0,0,37.3548,154850.8792,0,32.4151,4.9397,13.2237,0.809997412
0,0,0,44.0953,0,0,0,44.0953,164920.931,0,37.4687,6.6266,15.0279,0.502263248
0,0,35.4044,0,0,0,0,35.4044,204638.8149,0,28.9602,6.4442,18.2017,0.930122152
0,0,46.4471,0,0,0,0,46.4471,187545.0314,0,37.2943,9.1528,19.7059,0.425123595
0,0,42.2796,0,0,0,0,42.2796,178488.465,0,36.3557,5.9239,14.0112,0.571268266
0,0,0,14.1549,0,0,0,14.1549,89166.97704,8,12.3168,1.8381,12.9856,0.238313878
0.4928,0,36.6919,0,0,0,0,37.1847,176872.9132,0,29.1188,8.0659,21.6914,0.819825304
0,8.8804,9.3834,10.2801,0,0,0,28.5439,180840.5322,0,26.4154,2.1285,7.4569,0.661017206
0,0,28.3706,0,0,0,33.5553,61.9259,175057.8347,0,57.9947,3.9312,6.3482,0.141871402
0,0,14.7007,0,0,0,0,14.7007,149964.5889,0,13.2115,1.4892,10.1301,0.247716826
0,8.8141,9.4526,11.3582,0,0,0,29.6249,134737.2623,13,27.8125,1.8124,6.1178,0.713672095
0,0,0,28.6659,0,0,0,28.6659,112629.4205,10,23.8418,4.8241,16.8287,0.666759735
0,11.7573,0,25.9725,0,0,0,37.7298,103193.5886,10,31.9899,5.7399,15.2132,0.788745147
0,0,41.8118,0,0,0,0,41.8118,181253.0373,0,38.8601,2.9517,7.0595,0.590533461
0,0,0,27.2148,0,0,0,27.2148,117539.2893,10,21.5424,5.6724,20.8431,0.601571651
0,0,41.014,0,0,0,0,41.014,185731.8943,0,33.7237,7.2903,17.7751,0.624899563
3.9188,15.7986,14.7979,0,7.7638,0,0,42.2791,128945.7999,13,39.8382,2.4409,5.7733,0.571288518
0,0,0,42.3217,0,0,0,42.3217,173869.1193,0,35.0302,7.2915,17.2288,0.569565616
0,0,40.1223,0,0,0,0,40.1223,176230.6806,0,35.9807,4.1416,10.3224,0.665682718
0,0,43.2452,0,0,0,0,43.2452,173752.2221,0,36.3486,6.8966,15.9477,0.533466955
0,0,11.9271,10.1583,18.3958,0,0,40.4812,125154.9649,10,35.1679,5.3133,13.1254,0.648957267
0,0,42.5866,0,0,0,0,42.5866,168954.2286,0,35.1228,7.4638,17.5262,0.558968085
0,0,3.2824,25.7888,0,0,0,29.0712,162506.7916,0,25.6377,3.4335,11.8107,0.686197747
0,40.1316,0,0,0,0,0,40.1316,102917.1922,13,36.7837,3.3479,8.3423,0.665243927
0,0,41.947,0,0,0,0,41.947,176679.5559,0,35.3427,6.6043,15.7444,0.584899779
4.6871,9.7333,30.5212,6.8707,0,0,36.0496,87.8619,181956.3757,0,79.3743,8.4876,9.6602,0.022556844
14.2578,0,5.6865,19.4066,0,0,0,39.3509,110378.7597,10,37.3975,1.9534,4.9641,0.703104842
0,0,0,27.2286,0,0,0,27.2286,119001.0049,10,25.767,1.4616,5.3679,0.602160536
0,0,25.8232,0,0,0,0,25.8232,171733.2109,0,20.642,5.1812,20.0641,0.545051416
0,0,37.1868,0,0,0,0,37.1868,188342.5933,0,33.7694,3.4174,9.1898,0.819703248
0,0,0,34.3727,0,0,0,34.3727,122425.8365,10,29.7489,4.6238,13.452,0.999291278
0,0,22.1123,2.548,6.7719,0,0,31.4322,118718.5626,13,25.7883,5.6439,17.9558,0.811238893
0,0,40.5483,0,0,0,0,40.5483,184872.3472,0,37.6244,2.9239,7.2109,0.645877223
0,0,0,27.6406,0,0,0,27.6406,97102.07006,10,24.5859,3.0547,11.0515,0.620009747
27.9662,0,0,0,0,0,0,27.9662,185281.1483,0,22.9901,4.9761,17.7933,0.634489343
0,0,0,35.6361,0,0,0,35.6361,174472.2037,0,31.4949,4.1412,11.6208,0.914967197
0,0,39.9498,0,0,0,0,39.9498,182912.8379,0,32.3081,7.6417,19.1283,0.673874264
0,0,0,34.6364,0,0,0,34.6364,109842.5242,10,29.062,5.5744,16.0941,0.98217325
0,0,14.1275,0,0,0,0,14.1275,165939.8393,0,12.3178,1.8097,12.8098,0.23785136
0,0,41.4734,0,0,0,0,41.4734,162243.3412,0,38.6871,2.7863,6.7183,0.604873364
0,0,15.5687,19.8809,0,0,0,35.4496,160474.027,0,31.7506,3.699,10.4345,0.927146146
0,6.04,30.4254,4.6155,0,0,0,41.0809,108277.0896,10,34.6447,6.4362,15.6671,0.621942519
0,0,39.5997,0,0,0,0,39.5997,188214.0649,0,35.7282,3.8715,9.7766,0.690810747
0,0,44.7066,0,0,0,0,44.7066,175227.3883,0,40.7165,3.9901,8.9251,0.480959341
0,0,20.5926,19.7856,0,0,0,40.3782,172531.1992,0,35.6213,4.7569,11.7809,0.653713806
0,0,0,0,1.9062,0,0,1.9062,110258.9892,10,1.8051,0.1011,5.3037,0.099997611
0,0,43.6566,0,0,0,0,43.6566,187439.68,0,41.0841,2.5725,5.8926,0.51813123
0,0,23.7922,0,0,0,0,23.7922,181543.7947,0,21.8018,1.9904,8.3658,0.471953591
0,0,0,0,24.1689,0,0,24.1689,109296.8056,10,20.6455,3.5234,14.5782,0.484728519
0,0,0,44.2539,0,0,0,44.2539,182953.0849,0,37.9212,6.3327,14.3099,0.496647002
0,0,42.0258,0,0,0,0,42.0258,156623.2916,0,39.9657,2.0601,4.902,0.581641066
0,0,0,40.1725,0,0,0,40.1725,207193.4919,0,35.6664,4.5061,11.2169,0.663317619
0,39.8167,0,0,0,0,0,39.8167,116639.0833,13,36.3891,3.4276,8.6084,0.680263644
0.5105,0,33.5819,0,0,0,0,34.0924,186509.7769,0,30.6706,3.4218,10.0368,0.979627912
0,0,0,4.008,0,0,0,4.008,110256.8764,10,3.52,0.488,12.1756,0.116066761
0,0,31.0587,0,0,0,0,31.0587,190050.826,0,25.3455,5.7132,18.3948,0.790038073
0,29.6076,0,0,0,0,0,29.6076,114024.4537,10,27.6301,1.9775,6.679,0.712797254
15.5688,0,0,0,12.1756,0,0,27.7444,127091.7612,10,23.9218,3.8226,13.7779,0.624589541
0,0,40.6932,0,0,0,0,40.6932,154840.008,0,33.196,7.4972,18.4237,0.639275757
0,0,0,11.74,0,0,0,11.74,110832.6652,10,10.6035,1.1365,9.6806,0.200812239
15.1006,0,0,0,10.5735,0,0,25.6741,95695.2125,10,24.0083,1.6658,6.4883,0.539319859
0,0,32.0018,0,0,0,0,32.0018,143905.3694,0,25.8509,6.1509,19.2205,0.844671385
0,0,13.7825,0,0,0,0,13.7825,182008.7683,0,11.1841,2.5984,18.8529,0.232103913
0,10.7747,4.7165,0,0,0,0,15.4912,224615.5119,0,12.3124,3.1788,20.52,0.261997071
0,0,36.3572,0,0,0,0,36.3572,176282.278,0,33.2505,3.1067,8.5449,0.869363787
0,0,39.3282,0,0,0,0,39.3282,176569.4351,0,35.7363,3.5919,9.1331,0.704237363
0,0,27.1499,21.0742,0,0,0,48.2241,126367.4665,13,40.8003,7.4238,15.3944,0.374798767
0,0,12.4505,0,0,0,0,12.4505,146819.3481,0,10.2594,2.1911,17.5985,0.211187284
0,0,0,43.4815,0,0,0,43.4815,218923.5969,0,34.2108,9.2707,21.321,0.524603781
0,0,0,35.2857,0,0,0,35.2857,107970.1773,10,28.6384,6.6473,18.8385,0.937983019
0,0,0,34.2588,0,0,0,34.2588,189851.9502,0,29.266,4.9928,14.5738,0.9912539
0,0,39.9241,0,0,0,0,39.9241,162002.5871,0,32.3432,7.5809,18.9883,0.675103283
0,0,0,42.4612,0,0,0,42.4612,183867.7476,0,36.5041,5.9571,14.0295,0.563960005
0,0,17.9119,19.4093,0,0,0,37.3212,163946.5605,0,34.7572,2.564,6.8701,0.811929341
0,0,38.1191,0,0,0,0,38.1191,197235.5177,0,36.0766,2.0425,5.3582,0.767272171
0,0,40.0532,0,0,0,0,40.0532,171404.7151,0,33.7074,6.3458,15.8434,0.668952062
0,0,0,0,26.4695,0,0,26.4695,110302.5027,10,23.4117,3.0578,11.5522,0.570608481
0,0,39.119,0,0,0,0,39.119,182312.4878,0,33.812,5.307,13.5663,0.714760774
4.3783,8.4719,31.3299,6.04,0,0,36.2246,86.4447,176595.1368,0,69.308,17.1367,19.8239,0.024941151
0,0,40.2573,0,0,0,0,40.2573,178277.4774,0,36.871,3.3863,8.4116,0.659341463
0,0,0,40.611,0,0,0,40.611,164114.1449,0,34.8477,5.7633,14.1915,0.643012362
19.9243,0,0,20.4776,0,0,0,40.4019,117220.8708,10,33.8794,6.5225,16.144,0.652616261
0,0,38.3445,0,0,0,0,38.3445,182654.0505,0,34.0825,4.262,11.115,0.755107826
0,0,0,35.3077,0,0,0,35.3077,173951.6007,0,28.3483,6.9594,19.7107,0.936521077
4.9731,11.9626,0,0,0,0,0,16.9357,139444.122,13,14.8664,2.0693,12.2186,0.290251995
0,0,34.9568,0,0,0,0,34.9568,162321.4085,0,30.5477,4.4091,12.613,0.960113119
0,0,38.7735,0,0,0,0,38.7735,171485.5967,0,35.3722,3.4013,8.7722,0.732485923
0,0,14.332,0,0,0,0,14.332,158493.4592,0,12.5689,1.7631,12.3018,0.241325139
0,0,0,25.8474,0,0,0,25.8474,91309.26127,10,22.7147,3.1327,12.12,0.545987417
0,0,40.3495,0,0,0,0,40.3495,190382.3561,0,33.0534,7.2961,18.0823,0.655045371
0,0,43.6538,0,0,0,0,43.6538,222152.6893,0,37.2582,6.3956,14.6507,0.518234101
4.8429,28.7509,0,0,9.2812,0,0,42.875,115056.4493,13,39.9076,2.9674,6.921,0.54765449
23.9888,0,0,20.005,0,0,0,43.9938,101891.231,10,39.2731,4.7207,10.7304,0.505890786
0,35.633,0,0,0,0,0,35.633,105024.5419,10,28.6934,6.9396,19.4752,0.915168321
8.5338,4.1473,18.1239,13.5931,7.1922,0,0,51.5903,81802.6173,8,42.9819,8.6084,16.6861,0.295220659
0,0,31.703,0,0,0,0,31.703,188817.5839,0,29.6584,2.0446,6.4492,0.826965111
0,0,42.7695,0,0,0,0,42.7695,165908.3272,0,36.829,5.9405,13.8896,0.551766322
0,0,34.8639,0,0,0,0,34.8639,160105.0793,0,27.7832,7.0807,20.3095,0.966457952
0,0,0,37.7926,0,0,0,37.7926,147980.532,0,33.4854,4.3072,11.3969,0.785241013
0,0,40.8113,0,0,0,0,40.8113,175665.8835,0,35.5803,5.231,12.8175,0.633945206
0,0,42.4051,0,0,0,0,42.4051,170907.3068,0,38.2846,4.1205,9.717,0.566207642
0,0,41.3487,0,0,0,0,41.3487,197683.635,0,33.1878,8.1609,19.7368,0.610244958
0,0,0,33.5499,0,0,0,33.5499,107053.7337,10,30.1284,3.4215,10.1982,0.942663282
0,0,10.4848,0,0,0,0,10.4848,154167.536,0,8.5938,1.891,18.0356,0.183713171
0,30.1885,0,0,0,0,0,30.1885,105012.995,10,25.7841,4.4044,14.5897,0.742767655
0,28.8739,0,0,0,0,0,28.8739,104217.2123,10,25.5071,3.3668,11.6604,0.676665544
0,0,42.33,0,0,0,0,42.33,169952.8478,0,34.349,7.981,18.8542,0.569230539
0,0,38.8405,0,0,0,0,38.8405,182999.8441,0,33.6757,5.1648,13.2975,0.729014609
0,0,38.5461,0,0,0,0,38.5461,185189.3095,0,36.6201,1.926,4.9966,0.744391391
0,0,5.2481,0,0,0,0,5.2481,166886.7107,0,4.4942,0.7539,14.3652,0.126733898
0,0,31.2597,0,0,0,0,31.2597,165887.1029,0,26.8831,4.3766,14.0008,0.801377557
0,0,29.6918,21.9883,0,0,0,51.6801,108821.9939,13,47.3452,4.3349,8.3879,0.293346992
0,0,40.5497,0,0,0,0,40.5497,185483.2042,0,34.4555,6.0942,15.029,0.645813115
0,0,0,32.768,0,0,0,32.768,168229.3229,0,27.741,5.027,15.3412,0.891826701
0,0,29.6657,0,0,0,0,29.6657,184626.5972,0,27.2848,2.3809,8.0258,0.71573956
4.9445,13.1721,0,0,0,0,0,18.1166,100963.314,13,16.1911,1.9255,10.6284,0.315600199
0,30.2213,0,0,0,0,0,30.2213,122253.6123,10,27.9467,2.2746,7.5265,0.744497005
0,10.985,4.6106,0,0,0,0,15.5956,158393.1377,0,12.7775,2.8181,18.0698,0.26394358
0,0,26.1124,0,0,0,0,26.1124,124715.94,10,22.7377,3.3747,12.9237,0.556342791
0,0,35.5014,0,0,0,0,35.5014,169381.7294,0,32.7501,2.7513,7.7498,0.923747299
0,0,0,35.0335,0,0,0,35.0335,167987.7382,0,33.2885,1.745,4.9809,0.954906109
0,0,35.0095,0,0,0,0,35.0095,174948.7938,0,29.7955,5.214,14.8931,0.956532378
0,0,13.6516,0,0,0,0,13.6516,176720.8375,0,12.2155,1.4361,10.5196,0.229959742
0,0,35.3682,0,4.9638,0,38.1189,78.4509,190303.1006,0,68.6308,9.8201,12.5175,0.043960246
0,35.1114,0,7.1275,0,0,0,42.2389,97688.10983,10,34.8148,7.4241,17.5765,0.572919133
0,0,25.326,0,0,0,0,25.326,158107.8702,0,23.8479,1.4781,5.8363,0.526172058
0,0,38.3502,0,0,0,0,38.3502,194496.913,0,32.4981,5.8521,15.2596,0.754802723
0,0,0,43.4725,0,0,0,43.4725,157375.4061,0,38.8823,4.5902,10.5589,0.524938641
0,0,44.5743,0,0,0,0,44.5743,195573.8028,0,38.778,5.7963,13.0037,0.485492048
2.2259,0,5.5587,0,0,0,0,7.7846,85255.28452,8,6.2035,1.5811,20.3106,0.151703721
4.2015,2.0554,1.9527,9.9568,15.5435,0,0,33.7099,65240.66563,5,28.0228,5.6871,16.8707,0.953417856
3.716,17.1911,16.322,0,8.7501,0,0,45.9792,124297.7964,13,43.1324,2.8468,6.1915,0.439463388
0,0,0,34.8147,0,0,0,34.8147,87803.95433,10,27.849,6.9657,20.0079,0.969835152
4.9317,16.5367,14.9406,0,0,0,0,36.409,116062.5398,13,31.048,5.361,14.7244,0.866176766
0,10.3748,7.8427,9.2965,0,0,0,27.514,123238.665,13,24.4148,3.0992,11.2641,0.614469418
0,0,0,45.6442,0,0,0,45.6442,167020.1902,0,35.6616,9.9826,21.8705,0.450026365
0,0,36.105,0,0,0,0,36.105,187282.5902,0,30.9888,5.1162,14.1703,0.885048849
0,0,15.4148,0,0,0,0,15.4148,178751.5036,0,13.1153,2.2995,14.9175,0.260581717
0,0,0,0,24.6391,0,0,24.6391,93513.71653,10,20.834,3.8051,15.4433,0.501160557
0,0,0,15.9343,0,0,0,15.9343,93515.5289,8,13.2565,2.6778,16.8053,0.270358663
0,0,42.2661,0,0,0,0,42.2661,182322.7134,0,39.0092,3.2569,7.7057,0.571815323
0,0,0,7.0294,0,21.8098,0,28.8392,115668.2892,10,24.8865,3.9527,13.706,0.67500282
15.4938,0,4.6658,22.656,0,0,0,42.8156,115917.0262,10,33.7396,9.076,21.1979,0.549965804
1.914,0,9.2924,0,0,0,0,11.2064,86133.25956,8,10.2239,0.9825,8.7673,0.193356897
0,33.0098,0,6.7253,0,0,0,39.7351,120392.7112,10,32.5236,7.2115,18.1489,0.684210718
0,0,46.1395,0,0,0,0,46.1395,185807.1537,0,41.0234,5.1161,11.0883,0.434496989
0,0,0,12.9619,0,0,0,12.9619,101493.0234,10,11.7763,1.1856,9.1468,0.218985167
7.3793,4.1557,16.5006,13.7538,9.1832,0,0,50.9726,79586.76386,8,41.0746,9.898,19.4183,0.308437269
0,0,28.6426,0,0,0,0,28.6426,181482.0104,0,27.0956,1.547,5.401,0.665659165
0,0,39.0661,0,0,0,0,39.0661,146677.7654,0,33.5296,5.5365,14.1721,0.717446626
0,0,0,37.1101,0,0,0,37.1101,124726.2886,10,29.5664,7.5437,20.3279,0.82417301
0,0,41.5976,0,0,0,0,41.5976,197669.2982,0,39.0725,2.5251,6.0703,0.599570308
0,0,18.134,0,0,0,0,18.134,157239.3033,0,16.1477,1.9863,10.9535,0.315989787
57.2368,0,0,0,0,0,0,57.2368,147314.9891,13,49.5135,7.7233,13.4936,0.197824811
0,0,30.7165,0,0,0,0,30.7165,191108.1858,0,27.6425,3.074,10.0077,0.771100637
3.8378,2.0201,1.9451,9.4019,14.621,0,0,31.8259,52586.71753,5,26.4182,5.4077,16.9915,0.834202528
0,0,37.2743,0,0,0,0,37.2743,192003.8861,0,32.0196,5.2547,14.0974,0.8146337
0,0,39.5688,0,0,0,0,39.5688,171343.7776,0,31.93,7.6388,19.3051,0.692325857
0,0,20.5019,2.5694,7.2738,0,0,30.3451,136659.1652,13,28.0152,2.3299,7.678,0.751060603
0,0,16.5693,0,0,0,0,16.5693,155998.6069,0,13.126,3.4433,20.7812,0.282808913
0,0,0,26.8239,0,0,0,26.8239,96846.14591,10,23.6553,3.1686,11.8126,0.585127947
0,0,14.0986,0,0,0,0,14.0986,169681.3418,0,13.3905,0.7081,5.0225,0.237364494
0,0,37.2368,0,0,0,0,37.2368,187644.8781,0,29.7241,7.5127,20.1755,0.816802513
0,31.3534,0,7.2616,0,0,0,38.615,108916.3994,10,36.4728,2.1422,5.5476,0.740763859
0,0,12.4226,18.9183,10.2196,0,0,41.5605,188677.1559,0,37.5937,3.9668,9.5446,0.601149505
0,0,42.1616,0,0,0,0,42.1616,210316.283,0,36.5198,5.6418,13.3814,0.576067711
0,0,42.928,0,0,0,0,42.928,180502.3864,0,37.9719,4.9561,11.5451,0.545600408
30.818,0,0,0,0,0,0,30.818,111107.9322,10,28.9472,1.8708,6.0705,0.776669822
0,35.6437,0,0,0,0,0,35.6437,117489.8921,10,33.0647,2.579,7.2355,0.914474303
0,10.3362,8.8614,9.5243,0,0,0,28.7219,137238.5592,13,25.8197,2.9022,10.1045,0.669412329
0,0,14.2664,0,0,0,0,14.2664,171471.7318,0,11.1776,3.0888,21.6509,0.24020532
0,11.8588,0,28.6404,0,0,0,40.4992,118586.2777,10,35.3691,5.1301,12.6672,0.648129587
0,0,18.2296,0,0,0,0,18.2296,148986.2797,0,14.6497,3.5799,19.6378,0.318138877
7.7838,37.1551,0,0,0,0,0,44.9389,129469.8172,13,37.9132,7.0257,15.6339,0.473102698
0,0,19.1283,23.753,0,0,0,42.8813,203807.6588,0,40.2449,2.6364,6.1481,0.547409921
0,11.092,0,28.5574,0,0,0,39.6494,115483.1687,10,36.3792,3.2702,8.2478,0.688380773
0,0,42.5829,0,0,0,0,42.5829,187002.8639,0,36.6325,5.9504,13.9737,0.55911474
0,0,0,11.1866,0,0,0,11.1866,124284.6589,10,10.3873,0.7993,7.1452,0.193085646
0,0,36.4842,0,0,0,0,36.4842,208675.734,0,34.73,1.7542,4.8081,0.861570827
0,0,43.4117,0,0,0,0,43.4117,185657.9546,0,35.7734,7.6383,17.595,0.527206414
0,0,41.1942,0,0,0,0,41.1942,171804.2659,0,34.4101,6.7841,16.4686,0.616966432
0,32.5837,0,6.4086,0,0,0,38.9923,110360.1378,10,32.2755,6.7168,17.226,0.721210488
0,0,16.583,0,0,0,0,16.583,186263.151,0,14.3472,2.2358,13.4825,0.28308375
0,0,0,40.6313,0,0,0,40.6313,174326.5918,0,38.0325,2.5988,6.3961,0.642087549
0,0,12.9256,0,0,0,0,12.9256,184412.0085,0,10.5717,2.3539,18.2111,0.21842229
0,0,43.1803,0,0,0,0,43.1803,165624.3824,0,38.017,5.1633,11.9575,0.535927338
5.6179,13.8966,0,0,0,0,0,19.5145,130187.9302,13,15.803,3.7115,19.0192,0.348482639
0,0,15.4115,0,0,0,0,15.4115,192434.8067,0,13.274,2.1375,13.8695,0.260520756
0,6.2942,31.7324,4.6233,0,0,0,42.6499,111508.93,10,39.407,3.2429,7.6035,0.556465047
0,0,39.1229,0,0,0,0,39.1229,186738.4861,0,34.8747,4.2482,10.8586,0.714563161
0,0,38.9935,0,0,0,0,38.9935,163957.2284,0,34.2835,4.71,12.0789,0.721149129
4.7031,14.6682,14.8958,0,0,0,0,34.2671,118690.6917,13,29.3816,4.8855,14.2571,0.991837401
0,6.1038,24.802,4.9221,0,0,0,35.8279,108115.4773,10,32.9905,2.8374,7.9195,0.902608988
0,0,35.6481,0,0,0,0,35.6481,192055.0246,0,31.2307,4.4174,12.3917,0.914189065
0,0,39.8238,0,0,0,0,39.8238,175375.3098,0,33.2299,6.5939,16.5577,0.679921288
2.1101,0,5.6006,0,0,0,0,7.7107,92752.46136,8,6.6151,1.0956,14.2088,0.150910938
0,0,0,27.0941,0,0,0,27.0941,102633.6068,10,22.3366,4.7575,17.5592,0.596445533
0,0,0,25.8265,0,0,0,25.8265,109483.2602,10,23.7506,2.0759,8.0379,0.545178958
0,0,4.6386,0,0,0,0,4.6386,186430.1257,0,3.9396,0.699,15.0692,0.121373865
0,0,16.4701,27.6234,0,0,0,44.0935,182874.39,0,35.0997,8.9938,20.3971,0.502327351
0,0,0,7.4826,0,15.8991,0,23.3817,119628.78,10,20.1543,3.2274,13.8031,0.458415459
0,0,40.3446,0,0,0,0,40.3446,167597.1421,0,37.4068,2.9378,7.2818,0.655272982
0,0,42.8845,0,0,0,0,42.8845,177878.3007,0,36.723,6.1615,14.3677,0.547285737
0,0,38.9749,0,0,0,0,38.9749,181678.7306,0,32.9176,6.0573,15.5415,0.722100775
24.2883,0,0,0,0,0,0,24.2883,195429.8295,0,20.8557,3.4326,14.1327,0.488849432
0,9.3092,5.3197,0,0,0,0,14.6289,158305.91,0,12.8173,1.8116,12.3837,0.246458984
0,0,32.8214,0,0,0,0,32.8214,151695.9952,0,28.6483,4.1731,12.7146,0.895209647
0,0,39.6948,0,0,0,0,39.6948,171545.5401,0,35.8935,3.8013,9.5763,0.68616851
0,0,12.9771,0,0,0,0,12.9771,156471.5094,0,11.3582,1.6189,12.4751,0.219221293
0,0,28.5168,0,0,0,29.2142,57.731,187235.9956,0,48.515,9.216,15.9637,0.191013229
0,0,3.2462,0,0,0,0,3.2462,78942.90773,8,2.8951,0.3511,10.8157,0.109964033
10.4178,0,22.1737,0,0,0,0,32.5915,97443.92612,10,26.9782,5.6133,17.2232,0.880735933
0,0,39.1517,0,0,0,0,39.1517,192420.6262,0,36.6963,2.4554,6.2715,0.713105553
0,40.1495,0,0,0,0,0,40.1495,108050.2656,13,32.4546,7.6949,19.1656,0.664400185
0,0,24.2203,0,0,0,0,24.2203,191811.3465,0,20.8299,3.3904,13.9982,0.486498238
0,0,8.5246,19.8837,10.4906,0,0,38.8989,191769.2093,0,35.4233,3.4756,8.935,0.726002288
0,0,39.2313,0,0,0,0,39.2313,193738.8255,0,35.4869,3.7444,9.5444,0.709092333
0,10.2724,0,26.3995,0,0,0,36.6719,106866.39,10,33.0462,3.6257,9.8869,0.850180935
1.8528,0,9.5102,0,0,0,0,11.363,85013.44254,8,10.4867,0.8763,7.7119,0.195515713
0,0,0,18.8283,9.8854,0,0,28.7137,123489.2855,10,27.3123,1.4014,4.8806,0.669023255
0,0,39.8284,0,0,0,0,39.8284,167600.8847,0,32.5953,7.2331,18.1607,0.679699573
0,0,36.3876,0,0,0,0,36.3876,194688.5257,0,33.0649,3.3227,9.1314,0.867491993
0,0,3.9809,0,0,0,0,3.9809,192303.3888,0,3.1633,0.8176,20.5381,0.115843963
0,0,0,0,24.1147,0,0,24.1147,113002.6994,10,21.0074,3.1073,12.8855,0.482869368
0,0,35.18,0,0,0,0,35.18,194769.1024,0,28.8972,6.2828,17.859,0.945038868
0,0,13.3547,0,0,0,0,13.3547,218044.9715,0,11.1879,2.1668,16.225,0.225169583
0,0,42.5199,0,0,0,0,42.5199,180710.3256,0,33.4628,9.0571,21.3008,0.561617751
0,0,40.8995,0,0,0,0,40.8995,214386.735,0,37.8825,3.017,7.3766,0.629993232
0,0,28.1655,4.2134,0,0,0,32.3789,126800.7104,13,28.4638,3.9151,12.0915,0.867559711
0,0,39.3922,0,0,0,0,39.3922,195799.9708,0,33.529,5.8632,14.8842,0.70104902
30.3733,0,0,0,0,0,0,30.3733,105623.2815,10,25.0559,5.3174,17.5068,0.752563777
0,0,0,4.0638,0,0,0,4.0638,96724.70748,10,3.634,0.4298,10.5763,0.116526861
0,0,10.0004,16.7774,9.1946,0,0,35.9724,182663.5763,0,32.2638,3.7086,10.3096,0.893408822
0,0,0,38.6726,0,0,0,38.6726,186519.6915,0,35.1805,3.4921,9.0299,0.737744834
0,0,37.8524,0,0,0,0,37.8524,204585.5493,0,31.9771,5.8753,15.5216,0.781918744
0,0,38.5207,0,0,0,0,38.5207,168900.2092,0,33.0124,5.5083,14.2996,0.745733158
16.0499,0,0,0,11.9546,0,0,28.0045,102120.2339,10,22.9965,5.008,17.8828,0.63621464
6.1069,13.7582,0,0,0,0,0,19.8651,111634.315,13,16.2103,3.6548,18.3981,0.357253718
0,0,39.6417,0,0,0,0,39.6417,202300.4058,0,36.2138,3.4279,8.6472,0.688756688
0,0,37.0502,0,4.891,0,42.5301,84.4713,184611.1187,0,72.4624,12.0089,14.2165,0.028686731
0,0,24.3943,3.8819,0,0,0,28.2762,137212.9495,13,26.8286,1.4476,5.1195,0.648589323
0,0,0,0,26.1734,0,0,26.1734,111178.8337,10,20.6529,5.5205,21.092,0.558754155
0,0,31.8978,0,4.7064,0,41.744,78.3482,175204.2583,0,67.9795,10.3687,13.2341,0.044281511
0,0,2.0434,0,0,0,0,2.0434,175530.3697,0,1.6932,0.3502,17.1381,0.100975093
9.023,3.6652,15.2946,11.7467,8.8107,0,0,48.5402,86796.93239,8,41.9608,6.5794,13.5545,0.366492305
0,0,11.0838,20.7571,9.9972,0,0,41.8381,179419.1917,0,35.89,5.9481,14.2169,0.589433325
0,0,38.9523,0,0,0,0,38.9523,190733.1944,0,36.9225,2.0298,5.211,0.723258766
0,0,32.8513,0,0,0,0,32.8513,181039.0066,0,25.7547,7.0966,21.6022,0.897109445
0,0,25.3951,0,0,0,0,25.3951,190630.6161,0,21.999,3.3961,13.3731,0.528756228
0,0,29.9052,0,0,0,0,29.9052,181259.6221,0,26.7889,3.1163,10.4206,0.727997121
0,0,0,39.129,0,0,0,39.129,183355.8185,0,35.9309,3.1981,8.1732,0.714254183
0,0,39.5666,0,0,0,0,39.5666,171534.8692,0,37.1885,2.3781,6.0104,0.692433856
0,0,0,38.6521,0,0,0,38.6521,183320.7962,0,36.1684,2.4837,6.4258,0.7388179
0,5.7124,31.8617,5.0907,0,0,0,42.6648,113079.3287,10,34.1182,8.5466,20.032,0.555877495
0,0,43.4576,0,0,0,0,43.4576,195305.0932,0,35.3653,8.0923,18.6211,0.525493491
0,0,29.4253,0,0,0,0,29.4253,213664.7195,0,25.8822,3.5431,12.041,0.703643483
14.5776,0,0,0,13.4089,0,0,27.9865,102425.3401,10,23.7303,4.2562,15.208,0.635403212
4.0155,2.1737,1.9474,8.676,16.5428,0,0,33.3554,62564.19774,5,27.9368,5.4186,16.245,0.929752988
0,0,33.8377,0,0,0,0,33.8377,169534.9166,0,26.9803,6.8574,20.2656,0.962096147
0,0,37.8858,0,0,0,0,37.8858,194989.7401,0,29.6327,8.2531,21.7842,0.780069284
0,0,39.529,0,0,0,0,39.529,186920.4493,0,33.5124,6.0166,15.2207,0.694282257
0,0,43.6629,0,0,0,0,43.6629,177019.4219,0,40.2721,3.3908,7.7659,0.517899845
0,0,0,39.4875,0,0,0,39.4875,191841.8468,0,32.911,6.5765,16.6546,0.696328109
0,0,39.9205,0,0,0,0,39.9205,175044.9884,0,36.398,3.5225,8.8238,0.675275621
0,43.7902,0,0,0,0,0,43.7902,126477.5591,13,35.9018,7.8884,18.0141,0.513246484
0,0,39.6189,0,0,0,0,39.6189,169029.7247,0,36.9452,2.6737,6.7485,0.689870989
0,0,39.9126,0,0,0,0,39.9126,183029.2864,0,34.585,5.3276,13.3482,0.675653959
0,0,0,11.6903,0,0,0,11.6903,120311.9293,10,10.3975,1.2928,11.0587,0.200105869
0,0,44.0759,0,0,0,0,44.0759,168247.3682,0,37.318,6.7579,15.3324,0.502954573
0,0,26.4359,0,0,0,0,26.4359,112657.2559,10,21.073,5.3629,20.2864,0.569250758
0,0,0,35.0053,0,0,0,35.0053,180501.2286,0,29.2474,5.7579,16.4487,0.95681726
0,0,24.5362,0,0,0,0,24.5362,118411.0642,10,21.914,2.6222,10.6871,0.497517551
0,0,0,0.3347,0,0,0,0.3347,57675.55991,5,0.2704,0.0643,19.2112,0.089454108
16.8637,0,0,20.498,0,0,0,37.3617,115198.5502,10,30.9013,6.4604,17.2915,0.809601245
0,0,10.6288,0,0,0,0,10.6288,180916.5465,0,9.3565,1.2723,11.9703,0.185598437
0,0,40.8696,0,0,0,0,40.8696,158722.3813,0,35.9987,4.8709,11.9181,0.631330192
0,0,39.1218,0,0,0,0,39.1218,207247.5614,0,31.9035,7.2183,18.4508,0.714618893
0,0,45.1354,0,0,0,0,45.1354,167274.4444,0,39.2198,5.9156,13.1063,0.466557133
0,0,40.9216,0,0,0,0,40.9216,167461.5201,0,34.2263,6.6953,16.3613,0.629006864
0,0,0,24.8949,0,0,0,24.8949,190434.1216,0,22.3137,2.5812,10.3684,0.510332739
0,0,39.178,0,0,0,0,39.178,186458.1905,0,31.8847,7.2933,18.6158,0.711777071
0,0,37.6645,0,0,0,0,37.6645,177717.0572,0,35.2143,2.4502,6.5053,0.792405363
0,0,41.2832,0,0,0,0,41.2832,157469.4414,0,35.8465,5.4367,13.1693,0.613085527
0,0,5.0374,0,0,0,0,5.0374,192549.9512,0,4.5326,0.5048,10.021,0.124854718
0,11.6403,11.2929,0,16.5301,0,40.2684,79.7317,161982.7324,0,75.0089,4.7228,5.9234,0.040144121
0,8.6867,5.2815,0,0,0,0,13.9682,157931.7368,0,12.4789,1.4893,10.6621,0.235180063
0,6.662,32.9259,5.4453,0,0,0,45.0332,123899.0534,10,35.993,9.0402,20.0745,0.469950111
0,0,0,14.1686,0,0,0,14.1686,92724.44535,8,12.0932,2.0754,14.6479,0.238545475
0,0,0,3.8985,0,0,0,3.8985,111165.9749,10,3.4358,0.4627,11.8687,0.11516915
0,0,11.5899,20.3104,10.5018,0,0,42.4021,176208.3676,0,36.2407,6.1614,14.5309,0.566328088
0,0,20.3911,25.3043,0,0,0,45.6954,202916.1653,0,42.3157,3.3797,7.3961,0.448395677
0,0,0,42.7145,0,0,0,42.7145,155099.7664,0,35.5155,7.199,16.8538,0.553922159
0,0,22.807,2.8954,5.8995,0,0,31.6019,144529.1738,13,25.4545,6.1474,19.4526,0.821058563
0,0,0,0,22.7804,0,0,22.7804,103410.5618,10,20.0389,2.7415,12.0345,0.439282737
0,0,1.8874,0,0,0,0,1.8874,186001.9427,0,1.7046,0.1828,9.6853,0.09986441
0,0,39.9011,0,0,0,0,39.9011,179668.072,0,37.1233,2.7778,6.9617,0.676205084
7.4055,3.7777,16.6172,14.4584,8.8286,0,0,51.0874,93694.31114,8,43.9951,7.0923,13.8827,0.305936961
5.1393,34.1106,0,0,10.3852,0,0,49.6351,135829.9994,13,45.1696,4.4655,8.9967,0.339118047
0,0,0,42.5138,0,0,0,42.5138,164500.1109,0,39.3101,3.2037,7.5357,0.5618607
4.1533,2.3221,2.3239,9.0519,16.3292,0,0,34.1804,56765.80749,5,32.2701,1.9103,5.5889,0.985759181
0,0,0,36.9631,0,0,0,36.9631,140938.3791,0,34.1927,2.7704,7.495,0.832807802
0.9688,19.2807,11.2982,15.3948,0,0,0,46.9425,177847.838,0,41.5067,5.4358,11.5797,0.410450646
0,0,10.5475,0,0,0,0,10.5475,110691.688,13,9.7448,0.8027,7.6103,0.184531682
0,0,39.3001,0,0,0,0,39.3001,173137.6253,0,33.8298,5.4703,13.9193,0.705641822
0,35.3032,0,0,0,0,0,35.3032,107370.3832,10,28.3384,6.9648,19.7285,0.936819925
0,0,0,40.2439,0,0,0,40.2439,174841.281,0,37.8502,2.3937,5.948,0.659968181
0,0,14.9681,0,0,0,0,14.9681,172047.438,0,12.5094,2.4587,16.4263,0.252458059
0,0,3.0724,0,0,0,0,3.0724,77539.42318,8,2.4619,0.6105,19.8705,0.10861731
7.1019,43.2906,0,0,0,0,0,50.3925,147919.1127,13,43.9363,6.4562,12.8118,0.321387648
0,0,12.4977,0,0,0,19.068,31.5657,126433.6656,10,28.3793,3.1864,10.0945,0.81895393
0,0,21.3266,2.5276,6.7775,0,0,30.6317,140821.1675,13,28.5719,2.0598,6.7244,0.766478391
0,0,41.4312,0,0,0,0,41.4312,181812.766,0,35.6616,5.7696,13.9257,0.606685863
0.5214,0,37.8024,0,0,0,0,38.3238,173137.6595,0,34.4911,3.8327,10.0008,0.756216871
0,10.3946,8.607,9.3797,0,0,0,28.3813,161213.912,0,27.0146,1.3667,4.8155,0.653440449
0,0,39.2369,0,0,0,0,39.2369,167132.2318,0,35.7828,3.4541,8.8032,0.708810848
0,9.5177,9.1199,11.4372,0,0,0,30.0748,156364.1263,0,26.3465,3.7283,12.3968,0.736803964
0,0,39.5483,0,0,0,0,39.5483,180176.0191,0,36.7765,2.7718,7.0086,0.693332861
0,0,39.669,0,0,0,0,39.669,162768.0155,0,33.4382,6.2308,15.707,0.687424826
0,0,46.5322,0,0,0,0,46.5322,176175.9286,0,39.562,6.9702,14.9793,0.422566268
0,0,38.8958,0,0,0,0,38.8958,199729.4667,0,35.8677,3.0281,7.7852,0.726161875
0,0,0,3.7748,0,0,0,3.7748,109715.9633,10,3.0014,0.7734,20.4885,0.114163484
0,0,43.2396,0,0,0,0,43.2396,178745.9799,0,35.0939,8.1457,18.8385,0.533678807
0,0,4.0208,0,0,0,0,4.0208,207070.1935,0,3.6795,0.3413,8.4884,0.116172143
0,38.638,0,7.2589,0,0,0,45.8969,97451.04057,10,36.3715,9.5254,20.7539,0.442035212
0,0,37.9263,0,0,0,0,37.9263,185671.7743,0,32.6261,5.3002,13.975,0.777832542
0,0,0,40.4612,0,0,0,40.4612,170904.218,0,37.2571,3.2041,7.9189,0.649878151
8.0408,0,19.3205,0,0,0,0,27.3613,112562.5842,10,23.3141,4.0472,14.7917,0.607852718
0,0,28.729,0,4.8653,0,0,33.5943,174764.5446,0,27.6607,5.9336,17.6625,0.945635456
1.0159,21.4432,11.0196,15.5086,0,0,0,48.9873,180756.3797,0,39.3484,9.6389,19.6763,0.355056805
28.5412,0,0,0,0,0,0,28.5412,113171.8868,10,26.2658,2.2754,7.9723,0.660890678
0,0,40.6454,0,0,0,0,40.6454,166474.9218,0,33.7927,6.8527,16.8597,0.641445974
0,0,45.954,0,0,0,0,45.954,199188.7411,0,37.0264,8.9276,19.4273,0.440249279
0,0,35.7031,0,0,0,0,35.7031,193376.621,0,32.2568,3.4463,9.6527,0.910631088
0,9.7212,5.4662,0,0,0,0,15.1874,171289.3426,0,13.6491,1.5383,10.1288,0.256414088
0,0,27.6993,0,0,0,31.3436,59.0429,187168.1517,0,51.0668,7.9761,13.509,0.174047449
0,30.8479,0,0,0,0,0,30.8479,114729.2256,10,28.3776,2.4703,8.008,0.778318057
0,0,0,0.3017,0,0,0,0.3017,63083.04593,5,0.278,0.0237,7.8555,0.089245054
0,0,26.6112,0,5.0191,0,0,31.6303,155602.7151,0,25.9512,5.6791,17.9546,0.822713498
0,0,0,45.6087,0,0,0,45.6087,174436.9564,0,36.4623,9.1464,20.0541,0.451160498
0,0,29.5368,3.8987,0,0,0,33.4355,138897.6413,13,27.8738,5.5617,16.6341,0.935048219
0,0,38.4989,0,0,0,0,38.4989,160628.9807,0,35.7814,2.7175,7.0586,0.746886682
0,0,36.4933,0,4.7311,0,42.532,83.7564,191134.6558,0,76.1962,7.5602,9.0264,0.030178256
3.8261,1.8639,1.8286,8.6189,15.724,0,0,31.8615,61479.80191,5,30.281,1.5805,4.9605,0.836310771
0,0,0,32.8438,0,0,0,32.8438,111228.9525,10,26.0628,6.781,20.6462,0.896632528
4.8392,17.2193,12.9257,0,0,0,0,34.9842,125733.3674,13,30.7058,4.2784,12.2295,0.958249736
0,0,42.6023,0,0,0,0,42.6023,193950.2865,0,36.7745,5.8278,13.6795,0.55834622
0,0,38.6039,0,0,0,0,38.6039,178675.6541,0,32.6982,5.9057,15.2982,0.741347069
0,0,0,45.2794,0,0,0,45.2794,181217.1886,0,39.1508,6.1286,13.5351,0.461817953
0,0,0,4.1631,0,0,0,4.1631,118009.8989,10,3.671,0.4921,11.8205,0.117350157
0,0,42.0269,0,0,0,0,42.0269,162587.5386,0,37.5151,4.5118,10.7355,0.581595706
0,0,15.7625,0,0,0,0,15.7625,180817.0802,0,13.5087,2.2538,14.2985,0.267085466
0,0,0,0.2823,0,0,0,0.2823,64890.83155,5,0.2654,0.0169,5.9865,0.089122385
0,0,17.5623,18.9934,0,0,0,36.5557,171443.3634,0,32.9353,3.6204,9.9038,0.857214228
0,0,13.8997,0,0,0,0,13.8997,165021.1386,0,11.9,1.9997,14.3866,0.234040632
63.3492,0,0,0,0,0,0,63.3492,139488.2011,13,54.179,9.1702,14.4756,0.128253395
0,12.6946,12.0958,0,18.8817,0,38.8376,82.5097,175462.8202,0,77.1231,5.3866,6.5284,0.032967217
0,0,27.54,0,0,0,0,27.54,122907.6865,10,25.4961,2.0439,7.4216,0.615603188
4.2478,8.2595,29.8524,5.8554,0,0,38.9819,87.197,187280.0331,0,69.9903,17.2067,19.7331,0.02364568
0,0,46.1978,0,0,0,0,46.1978,163670.1093,0,37.1993,8.9985,19.4782,0.432704696
0,0,43.0193,0,0,0,0,43.0193,176808.9644,0,35.0814,7.9379,18.452,0.542080012
0,30.675,0,0,0,0,0,30.675,97319.36162,10,27.9522,2.7228,8.8763,0.768835099
0,0,0,4.4373,0,0,0,4.4373,118437.5835,10,3.4784,0.9589,21.61,0.119653881
0,0,0,43.8059,0,0,0,43.8059,196238.6826,0,35.4547,8.3512,19.0641,0.512675486
0,0,46.6297,0,0,0,0,46.6297,151958.2684,0,38.0234,8.6063,18.4567,0.419655214
0,0,10.0505,0,0,0,0,10.0505,133569.7554,13,9.0703,0.9802,9.7527,0.178142445
0,0,35.0328,0,0,0,0,35.0328,180414.3681,0,30.2732,4.7596,13.5861,0.954953503
0,0,12.7445,0,0,0,0,12.7445,177334.5938,0,10.8479,1.8966,14.8817,0.215635648
0,0,43.4117,0,0,0,0,43.4117,197454.6605,0,34.6064,8.8053,20.2832,0.527206414
0,0,41.8111,0,0,0,0,41.8111,188752.9009,0,33.4431,8.368,20.0138,0.59056277
0,0,40.4563,0,0,0,0,40.4563,195859.1544,0,37.5051,2.9512,7.2948,0.650103967
0,0,4.2176,0,0,0,0,4.2176,190315.2972,0,3.5428,0.6748,15.9996,0.117804486
0,0,2.9659,0,0,0,0,2.9659,81403.16201,8,2.7861,0.1798,6.0622,0.107800236
0,0,0,38.4334,0,0,0,38.4334,197761.0475,0,34.7256,3.7078,9.6473,0.75036329
0,11.1355,16.3915,14.6173,0,0,0,42.1443,179889.2785,0,34.7891,7.3552,17.4524,0.57677474
0,0,0,33.2783,0,0,0,33.2783,106586.6931,10,27.1028,6.1755,18.5571,0.924684407
7.0348,36.5051,0,0,0,0,0,43.5399,138060.722,13,41.4117,2.1282,4.8879,0.522436095
0,0,41.4234,0,0,0,0,41.4234,200045.358,0,35.8666,5.5568,13.4146,0.607021469
0,0,42.3754,0,0,0,0,42.3754,181600.263,0,39.452,2.9234,6.8988,0.567401191
2.1227,0,5.1949,0,0,0,0,7.3176,93963.74006,8,6.7794,0.5382,7.3549,0.146762958
0,0,26.6854,0,0,0,32.4474,59.1328,175844.5183,0,53.8646,5.2682,8.9091,0.172941602
0,5.8533,31.3121,4.9764,0,0,0,42.1418,108991.877,10,34.3331,7.8087,18.5296,0.576876983
0,0,0,12.2182,0,0,0,12.2182,110740.0306,10,10.8086,1.4096,11.5369,0.207737464
0,0,13.6039,0,0,0,0,13.6039,189949.1178,0,11.1556,2.4483,17.997,0.22918334
5.5117,31.4979,0,0,8.8623,0,0,45.8719,120551.9316,13,41.0306,4.8413,10.554,0.442819423
0,0,40.793,0,0,0,0,40.793,182002.0131,0,35.1402,5.6528,13.8573,0.634768273
0,0,33.9873,0,0,0,0,33.9873,178363.1997,0,30.5264,3.4609,10.1829,0.972355177
8.3506,31.4833,0,19.018,0,0,0,58.8519,177931.3028,0,50.3175,8.5344,14.5015,0.176420439
0,0,37.8569,0,0,0,0,37.8569,177622.8399,0,30.7869,7.07,18.6756,0.781669309
0,33.4179,0,0,0,0,0,33.4179,110665.9272,10,29.429,3.9889,11.9364,0.933882143
26.7133,0,0,0,0,0,0,26.7133,173774.9494,0,24.8075,1.9058,7.1343,0.580557536
0,35.2135,0,7.0867,0,0,0,42.3002,99708.57046,10,39.3695,2.9307,6.9283,0.570434505
0,0,11.798,7.6118,17.8009,0,0,37.2107,103655.463,10,33.2918,3.9189,10.5316,0.818315414
0,0,0,44.1993,0,0,0,44.1993,220031.4762,0,39.317,4.8823,11.0461,0.49857334
0,0,41.775,0,0,0,0,41.775,165052.9245,0,37.9542,3.8208,9.1461,0.592076262
0,0,42.9995,0,0,0,0,42.9995,160505.9327,0,34.1167,8.8828,20.6579,0.542841537
0,0,45.2384,0,0,0,0,45.2384,150089.4741,0,35.9752,9.2632,20.4764,0.463162379
0,0,0,10.2601,0,0,0,10.2601,107929.5896,10,8.66,1.6001,15.5954,0.180809553
0,0,41.4501,0,0,0,0,41.4501,157752.9227,0,34.5933,6.8568,16.5423,0.605873434
7.4041,4.5,13.6149,13.4083,8.7093,0,0,47.6366,71522.6415,8,41.1785,6.4581,13.557,0.390740425
0,0,40.6881,0,0,0,0,40.6881,158411.7907,0,34.3166,6.3715,15.6594,0.639506957
32.1508,0,0,0,0,0,0,32.1508,119898.0351,10,27.8916,4.2592,13.2476,0.853641976
0,44.4864,0,0,0,0,0,44.4864,138902.5533,13,35.5644,8.922,20.0556,0.488527169
0,0,28.6849,0,0,0,0,28.6849,205737.7884,0,22.7766,5.9083,20.5972,0.667658542
0,0,0,40.8602,0,0,0,40.8602,146858.8073,0,35.9893,4.8709,11.9209,0.631751093
0,0,43.2953,0,0,0,0,43.2953,173854.0196,0,35.5694,7.7259,17.8447,0.531575373
0,0,0,24.9017,0,0,0,24.9017,176271.2813,0,23.3117,1.59,6.3851,0.510578842
0,0,23.2054,0,0,0,0,23.2054,177294.8246,0,21.4089,1.7965,7.7417,0.452721019
0,0,40.0259,0,0,0,0,40.0259,196112.0822,0,35.0907,4.9352,12.33,0.670248134
0,0,18.9722,20.4769,0,0,0,39.4491,198351.7693,0,35.4008,4.0483,10.2621,0.698226508
0,0,46.521,0,0,0,0,46.521,195818.1822,0,38.5996,7.9214,17.0276,0.422901956
0,0,0,25.0243,0,0,0,25.0243,110567.6526,10,21.1694,3.8549,15.4046,0.515036361
3.9762,1.8825,1.9338,9.7022,16.7272,0,0,34.2219,64351.41195,5,29.0049,5.217,15.2446,0.988663932
0,0,15.3021,0,0,0,0,15.3021,181040.4295,0,12.7083,2.5938,16.9506,0.258507832
0,31.5889,0,0,0,0,0,31.5889,128108.7384,10,28.0483,3.5406,11.2084,0.820302134
0,0,18.9764,2.9482,7.3644,0,0,29.289,110615.8883,13,26.1274,3.1616,10.7945,0.696876381
0,0,40.6069,0,0,0,0,40.6069,172581.5391,0,37.6466,2.9603,7.2901,0.643199308
0,0,12.1426,0,0,0,0,12.1426,178178.1279,0,10.153,1.9896,16.3853,0.20662695
0,9.7432,4.8527,0,0,0,0,14.5959,186328.1187,0,12.8742,1.7217,11.7958,0.245883012
0,0,3.3422,0,0,0,0,3.3422,90729.0945,8,2.805,0.5372,16.0732,0.110715053
0,6.2923,25.7305,5.8654,0,0,0,37.8882,96006.75189,10,35.2078,2.6804,7.0745,0.779936557
31.7392,0,0,0,0,0,0,31.7392,111028.1055,10,29.029,2.7102,8.539,0.829090333
0,30.3341,0,0,0,0,0,30.3341,97382.50875,10,24.9952,5.3389,17.6003,0.750475073
4,2,2,9,16,0,0,33,60000,5,30,3,9.0909,0.906617655
3.98,15.92,15.46,0,7.995,0,0,43.355,125000,13,39.375,3.98,9.18,0.529330089
15.61,0,0,0,0,0,0,15.61,125000,13,14.24,1.37,8.7764,0.264213196
7.95,4.02,15.87,12.12,7.995,0,0,47.955,85000,8,44.205,3.75,7.8198,0.382018356
0,0,0,13.78,0,0,0,13.78,85000,8,12.68,1.1,7.9826,0.232062776
0,0,0,11.8,0,0,0,11.8,110000,10,10.38,1.42,12.0339,0.201668324
15.66,0,0,0,12.1,0,0,27.76,110000,10,24.43,3.33,11.9957,0.625280752
0,0,0,0.31,0,0,0,0.31,60000,5,0.28,0.03,9.6774,0.089297589
0,0,0,40.57,0,0,0,40.57,180000,0,36.51,4.06,10.0074,0.644884274
0,9.42,4.84,0,0,0,0,14.26,180000,0,12.83,1.43,10.0281,0.240096348
26.32,0,0,0,0,0,0,26.32,180000,0,23.69,2.63,9.9924,0.564592164
4.94,15.19,15.07,0,0,0,0,35.2,125000,13,31.68,3.52,10,0.943699738
0,0,3.12,0,0,0,0,3.12,85000,8,2.87,0.25,8.0128,0.108984499
0,0,25.54,0,0,0,0,25.54,110000,10,22.48,3.06,11.9812,0.534216417
0,0,27.8,0,0,0,0,27.8,110000,10,24.46,3.34,12.0144,0.627056584
0,0,39.57,0,0,0,0,39.57,180000,0,35.61,3.96,10.0076,0.692266956
0,0,39.89,0,0,0,0,39.89,180000,0,35.9,3.99,10.0025,0.676737466
0,0,28.12,0,0,0,0,28.12,180000,0,25.31,2.81,9.9929,0.641446018
0,0,0,40.05,0,0,0,40.05,180000,0,36.05,4,9.9875,0.669103853
0,0,39.52,0,0,0,0,39.52,180000,0,35.57,3.95,9.9949,0.694725424
0,0,13.94,0,0,0,18.93,32.87,110000,10,28.92,3.95,12.017,0.898299661
0,0,39.43,0,0,0,0,39.43,180000,0,35.49,3.94,9.9924,0.69917269
0,0,17.95,0,0,0,0,17.95,180000,0,16.16,1.79,9.9721,0.311894238
0,0,2.13,0,0,0,0,2.13,180000,0,1.92,0.21,9.8592,0.101596988
0,0,4.08,0,0,0,0,4.08,180000,0,3.67,0.41,10.049,0.11666078
0,0,25.55,0,0,0,0,25.55,180000,0,22.99,2.56,10.0196,0.534595315
0,0,39.64,0,0,0,0,39.64,180000,0,35.68,3.96,9.9899,0.688839709
4.65,8.65,29.65,5.9,0,0,40.2,89.05,180000,0,80.25,8.8,9.8821,0.020734549
0,0,35.35,0,5.05,0,40.4,80.8,180000,0,72.72,8.08,10,0.037215774
0,0,0,41.24,0,0,0,41.24,180000,0,37.12,4.12,9.9903,0.614966234
0,0,0,41.41,0,0,0,41.41,180000,0,37.27,4.14,9.9976,0.607598456
0,0,0,40.01,0,0,0,40.01,180000,0,36.01,4,9.9975,0.671004145
4.9,13.55,0,0,0,0,0,18.45,125000,13,16.61,1.84,9.9729,0.32314933
0,0,39.24,0,0,0,0,39.24,180000,0,35.32,3.92,9.9898,0.708655074
0,0,35.05,0,0,0,0,35.05,180000,0,31.55,3.5,9.9857,0.953789653
0,0,39.52,0,0,0,0,39.52,180000,0,35.57,3.95,9.9949,0.694725424
0,0,12.19,0,0,0,0,12.19,180000,0,10.97,1.22,10.0082,0.207322528
0,0,14.99,0,0,0,0,14.99,180000,0,13.49,1.5,10.0067,0.252850362
0,0,13.08,0,0,0,0,13.08,180000,0,11.77,1.31,10.0153,0.220826512
0,0,39.81,0,0,0,0,39.81,180000,0,35.83,3.98,9.9975,0.68058687
0,0,30.33,0,0,0,0,30.33,180000,0,27.3,3.03,9.9901,0.750256946
0,0,27.47,0,0,0,31.91,59.38,180000,0,53.44,5.94,10.0034,0.16993692
0,0,27.02,0,5.08,0,0,32.1,180000,0,28.89,3.21,10,0.850572893
0,0,41.22,0,0,0,0,41.22,180000,0,37.1,4.12,9.9951,0.615838884
0,0,3.02,24.83,0,0,0,27.85,180000,0,25.07,2.78,9.982,0.629283469
0,0,41.54,0,0,0,0,41.54,180000,0,37.39,4.15,9.9904,0.60202389
0,0,41.69,0,0,0,0,41.69,180000,0,37.52,4.17,10.0024,0.595655222
0,0,15.2,0,0,0,0,15.2,180000,0,13.68,1.52,10,0.256643258
0,0,32.28,0,0,0,0,32.28,180000,0,29.05,3.23,10.0062,0.861497586
0,0,39.61,0,0,0,0,39.61,180000,0,35.65,3.96,9.9975,0.690306447
0,0,39.84,0,0,0,0,39.84,180000,0,35.86,3.98,9.99,0.679140784
0,0,39.34,0,0,0,0,39.34,180000,0,35.41,3.93,9.9898,0.703648424
0,0,0,0,23.83,0,0,23.83,110000,10,20.97,2.86,12.0017,0.473220147
0,0,0,32.52,0,0,0,32.52,180000,0,29.27,3.25,9.9938,0.876282423
0,0,0,7.68,0,19.87,0,27.55,110000,10,24.24,3.31,12.0145,0.616039811
0,11.53,10.86,0,17.68,0,40.07,80.14,180000,0,72.13,8.01,9.995,0.038998658
0,0,32.88,0,0,0,0,32.88,180000,0,29.59,3.29,10.0061,0.898936788
0,0,31.71,0,0,0,0,31.71,180000,0,28.54,3.17,9.9968,0.82737564
0,0,41.32,0,0,0,0,41.32,180000,0,37.19,4.13,9.9952,0.611487981
0,0,40.18,0,0,0,0,40.18,180000,0,36.16,4.02,10.005,0.66296499
0,0,32.71,0,0,0,0,32.71,180000,0,29.44,3.27,9.9969,0.888166821
0,42.01,0,0,0,0,0,42.01,125000,13,37.81,4.2,9.9976,0.582293005
0,9.89,8.97,9.19,0,0,0,28.05,125000,13,25.25,2.8,9.9822,0.638270373
1.01,19,11.93,15.3,0,0,0,47.24,180000,0,42.52,4.72,9.9915,0.401883688
0,0,0,20.18,9.72,0,0,29.9,110000,10,26.31,3.59,12.0067,0.72772877
0,8.86,8.93,10.56,0,0,0,28.35,180000,0,25.52,2.83,9.9824,0.651991946
0,10.64,15.43,15.37,0,0,0,41.44,180000,0,37.3,4.14,9.9903,0.606307454
0,0,0,39.98,0,0,0,39.98,180000,0,35.98,4,10.005,0.672432906
0,0,39.1,0,0,0,0,39.1,180000,0,35.19,3.91,10,0.715724288
8.79,27.79,0,19.17,0,0,0,55.75,180000,0,50.18,5.57,9.991,0.219817382
0,0,0,26.94,0,0,0,26.94,180000,0,24.25,2.69,9.9852,0.589964353
0,0,0,40.75,0,0,0,40.75,180000,0,36.68,4.07,9.9877,0.636706465
0,0,0,39.53,0,0,0,39.53,180000,0,35.58,3.95,9.9924,0.694233033
0,0,39.82,0,0,0,0,39.82,180000,0,35.84,3.98,9.995,0.6801045
0,0,40.98,0,0,0,0,40.98,180000,0,36.88,4.1,10.0049,0.626407779
0,0,9.93,20.14,10.12,0,0,40.19,180000,0,36.17,4.02,10.0025,0.662495109
0,0,40.25,0,0,0,0,40.25,180000,0,36.23,4.02,9.9876,0.65968281
0,0,0,40.56,0,0,0,40.56,180000,0,36.5,4.06,10.0099,0.645341664
0,0,41.21,0,0,0,0,41.21,180000,0,37.09,4.12,9.9976,0.616275673
0,0,40.54,0,0,0,0,40.54,180000,0,36.49,4.05,9.9901,0.646257418
0,0,40.04,0,0,0,0,40.04,180000,0,36.04,4,9.99,0.669578421
0,0,41.24,0,0,0,0,41.24,180000,0,37.12,4.12,9.9903,0.614966234
0,0,41.32,0,0,0,0,41.32,180000,0,37.19,4.13,9.9952,0.611487981
0,0,24.27,0,0,0,0,24.27,180000,0,21.84,2.43,10.0124,0.488215569
5.11,32.9,0,0,9.92,0,0,47.93,125000,13,43.14,4.79,9.9937,0.382696091
0,0,40.21,0,0,0,0,40.21,180000,0,36.19,4.02,9.9975,0.661556347
0,0,39.68,0,0,0,0,39.68,180000,0,35.71,3.97,10.005,0.686888906
0,0,40.77,0,0,0,0,40.77,180000,0,36.69,4.08,10.0074,0.635804246
0,0,0,27.27,0,0,0,27.27,110000,10,24,3.27,11.9912,0.603930649
0,0,0,26.07,0,0,0,26.07,110000,10,22.94,3.13,12.0061,0.554672829
0,0,0,26.26,0,0,0,26.26,110000,10,23.11,3.15,11.9954,0.562195464
0,0,0,32.02,0,0,0,32.02,110000,10,28.18,3.84,11.9925,0.845762048
0,0,0,28.34,0,0,0,28.34,110000,10,24.94,3.4,11.9972,0.651529842
31.84,0,0,0,0,0,0,31.84,110000,10,28.02,3.82,11.9975,0.835036898
0,32.21,0,0,0,0,0,32.21,110000,10,28.35,3.86,11.9839,0.857232519
0,0,38.41,0,0,0,0,38.41,180000,0,34.57,3.84,9.9974,0.751609235
0,32.09,0,0,0,0,0,32.09,110000,10,28.24,3.85,11.9975,0.849970044
0,0,0,3.92,0,0,0,3.92,110000,10,3.45,0.47,11.9898,0.115344844
0,0,38.83,0,0,0,0,38.83,180000,0,34.95,3.88,9.9923,0.729557532
0,11.18,0,29.12,0,0,0,40.3,110000,10,35.46,4.84,12.0099,0.657348349
0,6.08,29.23,4.96,0,0,0,40.27,110000,10,35.44,4.83,11.994,0.658748033
0,0,12.18,8.2,19.83,0,0,40.21,110000,10,35.38,4.83,12.0119,0.661556347
0,0,39.88,0,0,0,0,39.88,180000,0,35.89,3.99,10.005,0.677217449
0,0,0,39.94,0,0,0,39.94,180000,0,35.95,3.99,9.99,0.674342653
0,0,17.55,24.25,0,0,0,41.8,180000,0,37.62,4.18,10,0.591027725
0,33.18,0,7.15,0,0,0,40.33,110000,10,35.49,4.84,12.001,0.65595164
0,0,39.9,0,0,0,0,39.9,180000,0,35.91,3.99,10,0.676257824
0,0,40.81,0,0,0,0,40.81,180000,0,36.73,4.08,9.9975,0.63400364
6.64,39.54,0,0,0,0,0,46.18,125000,13,41.56,4.62,10.0043,0.433251129
0,0,39.46,0,0,0,0,39.46,180000,0,35.51,3.95,10.0101,0.697687114
0,0,39.68,0,0,0,0,39.68,180000,0,35.71,3.97,10.005,0.686888906
0,0,39.52,0,0,0,0,39.52,180000,0,35.57,3.95,9.9949,0.694725424
0,0,18.24,19.28,0,0,0,37.52,180000,0,33.77,3.75,9.9947,0.800565413
0.51,0,35.31,0,0,0,0,35.82,180000,0,32.24,3.58,9.9944,0.903114695
0,0,4.94,0,0,0,0,4.94,180000,0,4.45,0.49,9.919,0.123995475
0,0,40.61,0,0,0,0,40.61,180000,0,36.55,4.06,9.9975,0.643057954
0,0,17.48,0,0,0,0,17.48,180000,0,15.73,1.75,10.0114,0.301672136
0,0,20.55,2.83,6.51,0,0,29.89,125000,13,26.9,2.99,10.0033,0.727212987
0,0,10.2,0,0,0,0,10.2,125000,13,9.18,1.02,10,0.180040738
0,0,29.75,0,0,0,0,29.75,180000,0,26.78,2.97,9.9832,0.720030299
0,0,0,39.67,0,0,0,39.67,180000,0,35.7,3.97,10.0076,0.687376088
0,0,27.58,4.08,0,0,0,31.66,125000,13,28.49,3.17,10.0126,0.824447754
2.09,0,5.32,0,0,0,0,7.41,85000,8,6.82,0.59,7.9622,0.147727592
1.8,0,9.51,0,0,0,0,11.31,85000,8,10.41,0.9,7.9576,0.194782394
16,0,16.08,0,0,0,0,32.08,125000,13,28.87,3.21,10.0062,0.849367622
0,0,38.41,0,0,0,0,38.41,180000,0,34.57,3.84,9.9974,0.751609235
59.94,0,0,0,0,0,0,59.94,125000,13,53.95,5.99,9.9933,0.163321863
14.18,0,5.85,20.96,0,0,0,40.99,110000,10,36.07,4.92,12.0029,0.625963809
0,0,40.6,0,0,0,0,40.6,125000,13,36.54,4.06,10,0.643514048
0,0,0,0,2.1,0,0,2.1,110000,10,1.85,0.25,11.9048,0.101381119
0,0,38.52,0,0,0,0,38.52,180000,0,34.67,3.85,9.9948,0.74577017
0,0,37.96,0,0,0,0,37.96,180000,0,34.16,3.8,10.0105,0.775976242
0,0,0,40.35,0,0,0,40.35,180000,0,36.32,4.03,9.9876,0.65502215
0,0,39.4,0,0,0,0,39.4,180000,0,35.46,3.94,10,0.700661429
0,0,40.32,0,0,0,0,40.32,180000,0,36.29,4.03,9.995,0.65641688
21.02,0,0,19.98,0,0,0,41,110000,10,36.08,4.92,12,0.625520153
0,0,40.89,0,0,0,0,40.89,180000,0,36.8,4.09,10.0024,0.630417711
9.3,0,20.44,0,0,0,0,29.74,110000,10,26.17,3.57,12.004,0.719519973
0,31.09,0,0,0,0,0,31.09,110000,10,27.36,3.73,11.9974,0.791793267
0,0,31.09,21.39,0,0,0,52.48,125000,13,47.23,5.25,10.0038,0.27717322
